File name,Package name,File size,Package size,File size in package (%),File size in system (%)
bin/busybox,busybox,933008,942242,99.0,2.8
etc/inittab,busybox,1281,942242,0.1,0.0
usr/share/udhcpc/default.script,busybox,3133,942242,0.3,0.0
etc/init.d/S01syslogd,busybox,1012,942242,0.1,0.0
etc/init.d/S02klogd,busybox,1004,942242,0.1,0.0
etc/init.d/S02sysctl,busybox,2804,942242,0.3,0.0
usr/bin/coremark,coremark,17796,17796,100.0,0.1
usr/bin/dhrystone,dhrystone,17752,17752,100.0,0.1
usr/bin/dhrystone-opt,dhrystone-opt,17740,17740,100.0,0.1
lib/ld-linux-riscv32-ilp32.so.1,glibc,153700,2426104,6.3,0.5
lib/libanl.so.1,glibc,5148,2426104,0.2,0.0
lib/libc.so.6,glibc,1274664,2426104,52.5,3.8
lib/libcrypt.so.1,glibc,29964,2426104,1.2,0.1
lib/libdl.so.2,glibc,5148,2426104,0.2,0.0
lib/libm.so.6,glibc,892092,2426104,36.8,2.6
lib/libpthread.so.0,glibc,6308,2426104,0.3,0.0
lib/libresolv.so.2,glibc,38288,2426104,1.6,0.1
lib/librt.so.1,glibc,5348,2426104,0.2,0.0
lib/libutil.so.1,glibc,5148,2426104,0.2,0.0
lib/libnss_files.so.2,glibc,5148,2426104,0.2,0.0
lib/libnss_dns.so.2,glibc,5148,2426104,0.2,0.0
usr/lib/libhavege.so.2.0.0,haveged,107812,143024,75.4,0.3
usr/sbin/haveged,haveged,34808,143024,24.3,0.1
etc/init.d/S21haveged,haveged,404,143024,0.3,0.0
lib/libatomic.so.1.2.0,host-gcc-final,17544,129792,13.5,0.1
lib/libgcc_s.so.1,host-gcc-final,112116,129792,86.4,0.3
lib/libgcc_s.so,host-gcc-final,132,129792,0.1,0.0
etc/network/if-pre-up.d/wait_iface,ifupdown-scripts,576,1937,29.7,0.0
etc/network/nfs_check,ifupdown-scripts,846,1937,43.7,0.0
etc/init.d/S40network,ifupdown-scripts,438,1937,22.6,0.0
etc/network/interfaces,ifupdown-scripts,77,1937,4.0,0.0
etc/init.d/rcK,initscripts,423,831,50.9,0.0
etc/init.d/rcS,initscripts,408,831,49.1,0.0
usr/lib/libiperf.so.0.0.0,iperf3,171680,181276,94.7,0.5
usr/bin/iperf3,iperf3,9596,181276,5.3,0.0
usr/lib/libatomic_ops.so.1.1.1,libatomic_ops,5156,10368,49.7,0.0
usr/lib/libatomic_ops_gpl.so.1.1.3,libatomic_ops,5212,10368,50.3,0.0
usr/lib/libffi.so.8.1.2,libffi,30124,30124,100.0,0.1
etc/ssl/openssl.cnf,libressl,745,4790980,0.0,0.0
etc/ssl/x509v3.cnf,libressl,1006,4790980,0.0,0.0
etc/ssl/cert.pem,libressl,341121,4790980,7.1,1.0
usr/lib/libcrypto.so.50.0.0,libressl,1792492,4790980,37.4,5.3
usr/lib/libssl.so.53.0.0,libressl,321740,4790980,6.7,1.0
usr/lib/libtls.so.26.0.0,libressl,1816456,4790980,37.9,5.4
usr/bin/ocspcheck,libressl,26284,4790980,0.5,0.1
usr/bin/openssl,libressl,491136,4790980,10.3,1.5
usr/lib/libz.so.1.2.13,libzlib,75172,75172,100.0,0.2
usr/bin/netcat,netcat,38612,38612,100.0,0.1
usr/lib/python3.11/site-packages/psutil/_pslinux.pyc,python-psutil,104963,1348528,7.8,0.3
usr/lib/python3.11/site-packages/psutil/_psosx.pyc,python-psutil,23502,1348528,1.7,0.1
usr/lib/python3.11/site-packages/psutil/_pssunos.pyc,python-psutil,33108,1348528,2.5,0.1
usr/lib/python3.11/site-packages/psutil/_psaix.pyc,python-psutil,26849,1348528,2.0,0.1
usr/lib/python3.11/site-packages/psutil/_compat.pyc,python-psutil,21099,1348528,1.6,0.1
usr/lib/python3.11/site-packages/psutil/_psposix.pyc,python-psutil,7458,1348528,0.6,0.0
usr/lib/python3.11/site-packages/psutil/_common.pyc,python-psutil,36245,1348528,2.7,0.1
usr/lib/python3.11/site-packages/psutil/_psbsd.pyc,python-psutil,38765,1348528,2.9,0.1
usr/lib/python3.11/site-packages/psutil/__init__.pyc,python-psutil,95743,1348528,7.1,0.3
usr/lib/python3.11/site-packages/psutil/tests/test_linux.pyc,python-psutil,166019,1348528,12.3,0.5
usr/lib/python3.11/site-packages/psutil/tests/test_system.pyc,python-psutil,63808,1348528,4.7,0.2
usr/lib/python3.11/site-packages/psutil/tests/test_contracts.pyc,python-psutil,54204,1348528,4.0,0.2
usr/lib/python3.11/site-packages/psutil/tests/test_memleaks.pyc,python-psutil,38974,1348528,2.9,0.1
usr/lib/python3.11/site-packages/psutil/tests/test_misc.pyc,python-psutil,59001,1348528,4.4,0.2
usr/lib/python3.11/site-packages/psutil/tests/test_posix.pyc,python-psutil,26306,1348528,2.0,0.1
usr/lib/python3.11/site-packages/psutil/tests/runner.pyc,python-psutil,20204,1348528,1.5,0.1
usr/lib/python3.11/site-packages/psutil/tests/test_bsd.pyc,python-psutil,40856,1348528,3.0,0.1
usr/lib/python3.11/site-packages/psutil/tests/test_aix.pyc,python-psutil,6450,1348528,0.5,0.0
usr/lib/python3.11/site-packages/psutil/tests/test_connections.pyc,python-psutil,35022,1348528,2.6,0.1
usr/lib/python3.11/site-packages/psutil/tests/test_sunos.pyc,python-psutil,2762,1348528,0.2,0.0
usr/lib/python3.11/site-packages/psutil/tests/test_osx.pyc,python-psutil,14305,1348528,1.1,0.0
usr/lib/python3.11/site-packages/psutil/tests/__init__.pyc,python-psutil,91922,1348528,6.8,0.3
usr/lib/python3.11/site-packages/psutil/tests/test_unicode.pyc,python-psutil,20350,1348528,1.5,0.1
usr/lib/python3.11/site-packages/psutil/tests/test_process.pyc,python-psutil,115763,1348528,8.6,0.3
usr/lib/python3.11/site-packages/psutil/tests/test_testutils.pyc,python-psutil,34998,1348528,2.6,0.1
usr/lib/python3.11/site-packages/psutil/tests/__main__.pyc,python-psutil,336,1348528,0.0,0.0
usr/lib/python3.11/site-packages/psutil/_pswindows.pyc,python-psutil,49416,1348528,3.7,0.1
usr/lib/python3.11/site-packages/psutil/tests/test_windows.pyc,python-psutil,62640,1348528,4.6,0.2
usr/lib/python3.11/site-packages/psutil-5.9.4-py3.11.egg-info/not-zip-safe,python-psutil,1,1348528,0.0,0.0
usr/lib/python3.11/site-packages/psutil/_psutil_linux.cpython-311-riscv32-linux-gnu.so,python-psutil,18164,1348528,1.3,0.1
usr/lib/python3.11/site-packages/psutil/_psutil_posix.cpython-311-riscv32-linux-gnu.so,python-psutil,13716,1348528,1.0,0.0
usr/lib/python3.11/site-packages/psutil-5.9.4-py3.11.egg-info/requires.txt,python-psutil,137,1348528,0.0,0.0
usr/lib/python3.11/site-packages/psutil-5.9.4-py3.11.egg-info/top_level.txt,python-psutil,7,1348528,0.0,0.0
usr/lib/python3.11/site-packages/psutil-5.9.4-py3.11.egg-info/dependency_links.txt,python-psutil,1,1348528,0.0,0.0
usr/lib/python3.11/site-packages/psutil-5.9.4-py3.11.egg-info/PKG-INFO,python-psutil,21078,1348528,1.6,0.1
usr/lib/python3.11/site-packages/psutil-5.9.4-py3.11.egg-info/SOURCES.txt,python-psutil,4356,1348528,0.3,0.0
usr/lib/python3.11/lib-dynload/_lsprof.cpython-311-riscv32-linux-gnu.so,python3,22128,20862148,0.1,0.1
usr/lib/python3.11/lib-dynload/_random.cpython-311-riscv32-linux-gnu.so,python3,17864,20862148,0.1,0.1
usr/lib/python3.11/lib-dynload/_contextvars.cpython-311-riscv32-linux-gnu.so,python3,5300,20862148,0.0,0.0
usr/lib/python3.11/lib-dynload/array.cpython-311-riscv32-linux-gnu.so,python3,43576,20862148,0.2,0.1
usr/lib/python3.11/lib-dynload/_zoneinfo.cpython-311-riscv32-linux-gnu.so,python3,22312,20862148,0.1,0.1
usr/lib/python3.11/lib-dynload/math.cpython-311-riscv32-linux-gnu.so,python3,64112,20862148,0.3,0.2
usr/lib/python3.11/lib-dynload/_heapq.cpython-311-riscv32-linux-gnu.so,python3,17728,20862148,0.1,0.1
usr/lib/python3.11/lib-dynload/_bisect.cpython-311-riscv32-linux-gnu.so,python3,9708,20862148,0.0,0.0
usr/lib/python3.11/lib-dynload/_opcode.cpython-311-riscv32-linux-gnu.so,python3,5424,20862148,0.0,0.0
usr/lib/python3.11/lib-dynload/_json.cpython-311-riscv32-linux-gnu.so,python3,26720,20862148,0.1,0.1
usr/lib/python3.11/lib-dynload/_typing.cpython-311-riscv32-linux-gnu.so,python3,5264,20862148,0.0,0.0
usr/lib/python3.11/lib-dynload/_pickle.cpython-311-riscv32-linux-gnu.so,python3,77372,20862148,0.4,0.2
usr/lib/python3.11/lib-dynload/_socket.cpython-311-riscv32-linux-gnu.so,python3,80976,20862148,0.4,0.2
usr/lib/python3.11/lib-dynload/_crypt.cpython-311-riscv32-linux-gnu.so,python3,5316,20862148,0.0,0.0
usr/lib/python3.11/lib-dynload/unicodedata.cpython-311-riscv32-linux-gnu.so,python3,1118128,20862148,5.4,3.3
usr/lib/python3.11/lib-dynload/cmath.cpython-311-riscv32-linux-gnu.so,python3,50944,20862148,0.2,0.2
usr/lib/python3.11/lib-dynload/_struct.cpython-311-riscv32-linux-gnu.so,python3,35768,20862148,0.2,0.1
usr/lib/python3.11/lib-dynload/_csv.cpython-311-riscv32-linux-gnu.so,python3,26984,20862148,0.1,0.1
usr/lib/python3.11/lib-dynload/_datetime.cpython-311-riscv32-linux-gnu.so,python3,79204,20862148,0.4,0.2
usr/lib/python3.11/lib-dynload/_sha1.cpython-311-riscv32-linux-gnu.so,python3,9792,20862148,0.0,0.0
usr/lib/python3.11/lib-dynload/_queue.cpython-311-riscv32-linux-gnu.so,python3,14012,20862148,0.1,0.0
usr/lib/python3.11/lib-dynload/syslog.cpython-311-riscv32-linux-gnu.so,python3,9564,20862148,0.0,0.0
usr/lib/python3.11/lib-dynload/fcntl.cpython-311-riscv32-linux-gnu.so,python3,17740,20862148,0.1,0.1
usr/lib/python3.11/lib-dynload/_xxsubinterpreters.cpython-311-riscv32-linux-gnu.so,python3,26916,20862148,0.1,0.1
usr/lib/python3.11/lib-dynload/grp.cpython-311-riscv32-linux-gnu.so,python3,9724,20862148,0.0,0.0
usr/lib/python3.11/lib-dynload/_asyncio.cpython-311-riscv32-linux-gnu.so,python3,45480,20862148,0.2,0.1
usr/lib/python3.11/lib-dynload/_md5.cpython-311-riscv32-linux-gnu.so,python3,13888,20862148,0.1,0.0
usr/lib/python3.11/lib-dynload/select.cpython-311-riscv32-linux-gnu.so,python3,26692,20862148,0.1,0.1
usr/lib/python3.11/lib-dynload/mmap.cpython-311-riscv32-linux-gnu.so,python3,22452,20862148,0.1,0.1
usr/lib/python3.11/lib-dynload/spwd.cpython-311-riscv32-linux-gnu.so,python3,9616,20862148,0.0,0.0
usr/lib/python3.11/lib-dynload/_statistics.cpython-311-riscv32-linux-gnu.so,python3,17592,20862148,0.1,0.1
usr/lib/python3.11/lib-dynload/_posixsubprocess.cpython-311-riscv32-linux-gnu.so,python3,17836,20862148,0.1,0.1
usr/lib/python3.11/lib-dynload/binascii.cpython-311-riscv32-linux-gnu.so,python3,22292,20862148,0.1,0.1
usr/lib/python3.11/lib-dynload/xxlimited.cpython-311-riscv32-linux-gnu.so,python3,9724,20862148,0.0,0.0
usr/lib/python3.11/lib-dynload/_sha256.cpython-311-riscv32-linux-gnu.so,python3,22184,20862148,0.1,0.1
usr/lib/python3.11/lib-dynload/_posixshmem.cpython-311-riscv32-linux-gnu.so,python3,9576,20862148,0.0,0.0
usr/lib/python3.11/lib-dynload/_multiprocessing.cpython-311-riscv32-linux-gnu.so,python3,22468,20862148,0.1,0.1
usr/lib/python3.11/lib-dynload/xxlimited_35.cpython-311-riscv32-linux-gnu.so,python3,9712,20862148,0.0,0.0
usr/lib/python3.11/lib-dynload/_blake2.cpython-311-riscv32-linux-gnu.so,python3,55164,20862148,0.3,0.2
usr/lib/python3.11/lib-dynload/_elementtree.cpython-311-riscv32-linux-gnu.so,python3,48780,20862148,0.2,0.1
usr/lib/python3.11/lib-dynload/termios.cpython-311-riscv32-linux-gnu.so,python3,23908,20862148,0.1,0.1
usr/lib/python3.11/lib-dynload/resource.cpython-311-riscv32-linux-gnu.so,python3,17916,20862148,0.1,0.1
usr/lib/python3.11/lib-dynload/_multibytecodec.cpython-311-riscv32-linux-gnu.so,python3,31380,20862148,0.2,0.1
usr/lib/python3.11/lib-dynload/audioop.cpython-311-riscv32-linux-gnu.so,python3,42724,20862148,0.2,0.1
usr/lib/python3.11/lib-dynload/_sha512.cpython-311-riscv32-linux-gnu.so,python3,42712,20862148,0.2,0.1
usr/lib/python3.11/lib-dynload/_sha3.cpython-311-riscv32-linux-gnu.so,python3,18632,20862148,0.1,0.1
usr/lib/python3.11/lib-dynload/_ctypes.cpython-311-riscv32-linux-gnu.so,python3,98620,20862148,0.5,0.3
usr/lib/python3.11/lib-dynload/_sqlite3.cpython-311-riscv32-linux-gnu.so,python3,86528,20862148,0.4,0.3
usr/bin/python3.11,python3,5400,20862148,0.0,0.0
usr/lib/libpython3.11.so.1.0,python3,3784564,20862148,18.1,11.2
usr/lib/libpython3.so,python3,5040,20862148,0.0,0.0
usr/lib/python3.11/config-3.11-riscv32-linux-gnu/python.o,python3,976,20862148,0.0,0.0
usr/lib/python3.11/config-3.11-riscv32-linux-gnu/config.c,python3,3418,20862148,0.0,0.0
usr/lib/python3.11/config-3.11-riscv32-linux-gnu/config.c.in,python3,1752,20862148,0.0,0.0
usr/lib/python3.11/config-3.11-riscv32-linux-gnu/Makefile,python3,118495,20862148,0.6,0.4
usr/lib/python3.11/config-3.11-riscv32-linux-gnu/Setup,python3,11182,20862148,0.1,0.0
usr/lib/python3.11/config-3.11-riscv32-linux-gnu/Setup.bootstrap,python3,878,20862148,0.0,0.0
usr/lib/python3.11/config-3.11-riscv32-linux-gnu/Setup.stdlib,python3,5391,20862148,0.0,0.0
usr/lib/python3.11/config-3.11-riscv32-linux-gnu/Setup.local,python3,41,20862148,0.0,0.0
usr/lib/python3.11/config-3.11-riscv32-linux-gnu/makesetup,python3,9262,20862148,0.0,0.0
usr/lib/python3.11/config-3.11-riscv32-linux-gnu/install-sh,python3,15358,20862148,0.1,0.0
usr/lib/python3.11/config-3.11-riscv32-linux-gnu/python-config.pyc,python3,3828,20862148,0.0,0.0
usr/lib/python3.11/__future__.pyc,python3,4911,20862148,0.0,0.0
usr/lib/python3.11/__hello__.pyc,python3,1075,20862148,0.0,0.0
usr/lib/python3.11/_aix_support.pyc,python3,4364,20862148,0.0,0.0
usr/lib/python3.11/_bootsubprocess.pyc,python3,4457,20862148,0.0,0.0
usr/lib/python3.11/_collections_abc.pyc,python3,51213,20862148,0.2,0.2
usr/lib/python3.11/_compat_pickle.pyc,python3,7513,20862148,0.0,0.0
usr/lib/python3.11/_compression.pyc,python3,8047,20862148,0.0,0.0
usr/lib/python3.11/_markupbase.pyc,python3,14079,20862148,0.1,0.0
usr/lib/python3.11/_osx_support.pyc,python3,19923,20862148,0.1,0.1
usr/lib/python3.11/_py_abc.pyc,python3,7875,20862148,0.0,0.0
usr/lib/python3.11/_pydecimal.pyc,python3,244258,20862148,1.2,0.7
usr/lib/python3.11/_pyio.pyc,python3,120091,20862148,0.6,0.4
usr/lib/python3.11/_sitebuiltins.pyc,python3,5421,20862148,0.0,0.0
usr/lib/python3.11/_strptime.pyc,python3,27905,20862148,0.1,0.1
usr/lib/python3.11/_threading_local.pyc,python3,9202,20862148,0.0,0.0
usr/lib/python3.11/_weakrefset.pyc,python3,13137,20862148,0.1,0.0
usr/lib/python3.11/abc.pyc,python3,9038,20862148,0.0,0.0
usr/lib/python3.11/aifc.pyc,python3,45506,20862148,0.2,0.1
usr/lib/python3.11/antigravity.pyc,python3,1254,20862148,0.0,0.0
usr/lib/python3.11/argparse.pyc,python3,113444,20862148,0.5,0.3
usr/lib/python3.11/ast.pyc,python3,109661,20862148,0.5,0.3
usr/lib/python3.11/asynchat.pyc,python3,11884,20862148,0.1,0.0
usr/lib/python3.11/asyncore.pyc,python3,28186,20862148,0.1,0.1
usr/lib/python3.11/base64.pyc,python3,28444,20862148,0.1,0.1
usr/lib/python3.11/bdb.pyc,python3,38671,20862148,0.2,0.1
usr/lib/python3.11/bisect.pyc,python3,3698,20862148,0.0,0.0
usr/lib/python3.11/bz2.pyc,python3,16160,20862148,0.1,0.0
usr/lib/python3.11/cProfile.pyc,python3,9072,20862148,0.0,0.0
usr/lib/python3.11/calendar.pyc,python3,44738,20862148,0.2,0.1
usr/lib/python3.11/cgi.pyc,python3,43859,20862148,0.2,0.1
usr/lib/python3.11/cgitb.pyc,python3,18879,20862148,0.1,0.1
usr/lib/python3.11/chunk.pyc,python3,7424,20862148,0.0,0.0
usr/lib/python3.11/cmd.pyc,python3,20595,20862148,0.1,0.1
usr/lib/python3.11/code.pyc,python3,13899,20862148,0.1,0.0
usr/lib/python3.11/codecs.pyc,python3,45242,20862148,0.2,0.1
usr/lib/python3.11/codeop.pyc,python3,7728,20862148,0.0,0.0
usr/lib/python3.11/colorsys.pyc,python3,4949,20862148,0.0,0.0
usr/lib/python3.11/compileall.pyc,python3,21583,20862148,0.1,0.1
usr/lib/python3.11/configparser.pyc,python3,71692,20862148,0.3,0.2
usr/lib/python3.11/contextlib.pyc,python3,33067,20862148,0.2,0.1
usr/lib/python3.11/contextvars.pyc,python3,297,20862148,0.0,0.0
usr/lib/python3.11/copy.pyc,python3,11185,20862148,0.1,0.0
usr/lib/python3.11/copyreg.pyc,python3,8178,20862148,0.0,0.0
usr/lib/python3.11/crypt.pyc,python3,5875,20862148,0.0,0.0
usr/lib/python3.11/csv.pyc,python3,20054,20862148,0.1,0.1
usr/lib/python3.11/dataclasses.pyc,python3,47168,20862148,0.2,0.1
usr/lib/python3.11/datetime.pyc,python3,101334,20862148,0.5,0.3
usr/lib/python3.11/decimal.pyc,python3,541,20862148,0.0,0.0
usr/lib/python3.11/difflib.pyc,python3,81645,20862148,0.4,0.2
usr/lib/python3.11/dis.pyc,python3,36679,20862148,0.2,0.1
usr/lib/python3.11/doctest.pyc,python3,112957,20862148,0.5,0.3
usr/lib/python3.11/enum.pyc,python3,87064,20862148,0.4,0.3
usr/lib/python3.11/filecmp.pyc,python3,15708,20862148,0.1,0.0
usr/lib/python3.11/fileinput.pyc,python3,21166,20862148,0.1,0.1
usr/lib/python3.11/fnmatch.pyc,python3,7469,20862148,0.0,0.0
usr/lib/python3.11/fractions.pyc,python3,29241,20862148,0.1,0.1
usr/lib/python3.11/ftplib.pyc,python3,47645,20862148,0.2,0.1
usr/lib/python3.11/functools.pyc,python3,46633,20862148,0.2,0.1
usr/lib/python3.11/genericpath.pyc,python3,6159,20862148,0.0,0.0
usr/lib/python3.11/getopt.pyc,python3,9730,20862148,0.0,0.0
usr/lib/python3.11/getpass.pyc,python3,7511,20862148,0.0,0.0
usr/lib/python3.11/gettext.pyc,python3,24250,20862148,0.1,0.1
usr/lib/python3.11/glob.pyc,python3,11142,20862148,0.1,0.0
usr/lib/python3.11/graphlib.pyc,python3,11066,20862148,0.1,0.0
usr/lib/python3.11/gzip.pyc,python3,33717,20862148,0.2,0.1
usr/lib/python3.11/hashlib.pyc,python3,12336,20862148,0.1,0.0
usr/lib/python3.11/heapq.pyc,python3,20574,20862148,0.1,0.1
usr/lib/python3.11/hmac.pyc,python3,11469,20862148,0.1,0.0
usr/lib/python3.11/imaplib.pyc,python3,68594,20862148,0.3,0.2
usr/lib/python3.11/imghdr.pyc,python3,7839,20862148,0.0,0.0
usr/lib/python3.11/imp.pyc,python3,16458,20862148,0.1,0.0
usr/lib/python3.11/inspect.pyc,python3,141913,20862148,0.7,0.4
usr/lib/python3.11/io.pyc,python3,5036,20862148,0.0,0.0
usr/lib/python3.11/ipaddress.pyc,python3,94222,20862148,0.5,0.3
usr/lib/python3.11/keyword.pyc,python3,1068,20862148,0.0,0.0
usr/lib/python3.11/linecache.pyc,python3,7469,20862148,0.0,0.0
usr/lib/python3.11/locale.pyc,python3,64399,20862148,0.3,0.2
usr/lib/python3.11/lzma.pyc,python3,16717,20862148,0.1,0.0
usr/lib/python3.11/mailbox.pyc,python3,124615,20862148,0.6,0.4
usr/lib/python3.11/mailcap.pyc,python3,12783,20862148,0.1,0.0
usr/lib/python3.11/mimetypes.pyc,python3,25852,20862148,0.1,0.1
usr/lib/python3.11/modulefinder.pyc,python3,31018,20862148,0.1,0.1
usr/lib/python3.11/netrc.pyc,python3,9888,20862148,0.0,0.0
usr/lib/python3.11/nntplib.pyc,python3,50160,20862148,0.2,0.1
usr/lib/python3.11/ntpath.pyc,python3,30588,20862148,0.1,0.1
usr/lib/python3.11/nturl2path.pyc,python3,3488,20862148,0.0,0.0
usr/lib/python3.11/numbers.pyc,python3,15250,20862148,0.1,0.0
usr/lib/python3.11/opcode.pyc,python3,13852,20862148,0.1,0.0
usr/lib/python3.11/operator.pyc,python3,18759,20862148,0.1,0.1
usr/lib/python3.11/optparse.pyc,python3,73716,20862148,0.4,0.2
usr/lib/python3.11/os.pyc,python3,48965,20862148,0.2,0.1
usr/lib/python3.11/pathlib.pyc,python3,67720,20862148,0.3,0.2
usr/lib/python3.11/pdb.pyc,python3,87115,20862148,0.4,0.3
usr/lib/python3.11/pickle.pyc,python3,86894,20862148,0.4,0.3
usr/lib/python3.11/pickletools.pyc,python3,86731,20862148,0.4,0.3
usr/lib/python3.11/pipes.pyc,python3,11966,20862148,0.1,0.0
usr/lib/python3.11/pkgutil.pyc,python3,31578,20862148,0.2,0.1
usr/lib/python3.11/platform.pyc,python3,43721,20862148,0.2,0.1
usr/lib/python3.11/plistlib.pyc,python3,45939,20862148,0.2,0.1
usr/lib/python3.11/poplib.pyc,python3,20968,20862148,0.1,0.1
usr/lib/python3.11/posixpath.pyc,python3,19983,20862148,0.1,0.1
usr/lib/python3.11/pprint.pyc,python3,33564,20862148,0.2,0.1
usr/lib/python3.11/profile.pyc,python3,23950,20862148,0.1,0.1
usr/lib/python3.11/pstats.pyc,python3,41867,20862148,0.2,0.1
usr/lib/python3.11/pty.pyc,python3,8440,20862148,0.0,0.0
usr/lib/python3.11/py_compile.pyc,python3,10774,20862148,0.1,0.0
usr/lib/python3.11/pyclbr.pyc,python3,15878,20862148,0.1,0.0
usr/lib/python3.11/pydoc.pyc,python3,154705,20862148,0.7,0.5
usr/lib/python3.11/queue.pyc,python3,16453,20862148,0.1,0.0
usr/lib/python3.11/quopri.pyc,python3,10857,20862148,0.1,0.0
usr/lib/python3.11/random.pyc,python3,34524,20862148,0.2,0.1
usr/lib/python3.11/reprlib.pyc,python3,9678,20862148,0.0,0.0
usr/lib/python3.11/rlcompleter.pyc,python3,9010,20862148,0.0,0.0
usr/lib/python3.11/runpy.pyc,python3,16116,20862148,0.1,0.0
usr/lib/python3.11/sched.pyc,python3,8402,20862148,0.0,0.0
usr/lib/python3.11/secrets.pyc,python3,2862,20862148,0.0,0.0
usr/lib/python3.11/selectors.pyc,python3,28539,20862148,0.1,0.1
usr/bin/smtpd.py.11,python3,31160,20862148,0.1,0.1
usr/lib/python3.11/shelve.pyc,python3,13873,20862148,0.1,0.0
usr/lib/python3.11/shlex.pyc,python3,14703,20862148,0.1,0.0
usr/lib/python3.11/shutil.pyc,python3,73160,20862148,0.4,0.2
usr/lib/python3.11/signal.pyc,python3,5106,20862148,0.0,0.0
usr/lib/python3.11/site.pyc,python3,30473,20862148,0.1,0.1
usr/lib/python3.11/smtpd.pyc,python3,43665,20862148,0.2,0.1
usr/lib/python3.11/smtplib.pyc,python3,54120,20862148,0.3,0.2
usr/lib/python3.11/sndhdr.pyc,python3,12426,20862148,0.1,0.0
usr/lib/python3.11/socket.pyc,python3,45515,20862148,0.2,0.1
usr/lib/python3.11/socketserver.pyc,python3,37056,20862148,0.2,0.1
usr/lib/python3.11/sre_compile.pyc,python3,813,20862148,0.0,0.0
usr/lib/python3.11/sre_constants.pyc,python3,816,20862148,0.0,0.0
usr/lib/python3.11/sre_parse.pyc,python3,809,20862148,0.0,0.0
usr/lib/python3.11/ssl.pyc,python3,73601,20862148,0.4,0.2
usr/lib/python3.11/stat.pyc,python3,5538,20862148,0.0,0.0
usr/lib/python3.11/statistics.pyc,python3,58403,20862148,0.3,0.2
usr/lib/python3.11/string.pyc,python3,12638,20862148,0.1,0.0
usr/lib/python3.11/stringprep.pyc,python3,26527,20862148,0.1,0.1
usr/lib/python3.11/struct.pyc,python3,380,20862148,0.0,0.0
usr/lib/python3.11/subprocess.pyc,python3,84770,20862148,0.4,0.3
usr/lib/python3.11/sunau.pyc,python3,27004,20862148,0.1,0.1
usr/lib/python3.11/symtable.pyc,python3,19507,20862148,0.1,0.1
usr/lib/python3.11/sysconfig.pyc,python3,32174,20862148,0.2,0.1
usr/lib/python3.11/tabnanny.pyc,python3,12948,20862148,0.1,0.0
usr/lib/python3.11/tarfile.pyc,python3,130366,20862148,0.6,0.4
usr/lib/python3.11/telnetlib.pyc,python3,31079,20862148,0.1,0.1
usr/lib/python3.11/tempfile.pyc,python3,42158,20862148,0.2,0.1
usr/lib/python3.11/textwrap.pyc,python3,19595,20862148,0.1,0.1
usr/lib/python3.11/this.pyc,python3,1596,20862148,0.0,0.0
usr/lib/python3.11/threading.pyc,python3,70313,20862148,0.3,0.2
usr/lib/python3.11/timeit.pyc,python3,16452,20862148,0.1,0.0
usr/lib/python3.11/token.pyc,python3,3723,20862148,0.0,0.0
usr/lib/python3.11/tokenize.pyc,python3,30358,20862148,0.1,0.1
usr/lib/python3.11/trace.pyc,python3,35962,20862148,0.2,0.1
usr/lib/python3.11/traceback.pyc,python3,48721,20862148,0.2,0.1
usr/lib/python3.11/tracemalloc.pyc,python3,29084,20862148,0.1,0.1
usr/lib/python3.11/tty.pyc,python3,2025,20862148,0.0,0.0
usr/lib/python3.11/turtle.pyc,python3,193428,20862148,0.9,0.6
usr/lib/python3.11/types.pyc,python3,14819,20862148,0.1,0.0
usr/lib/python3.11/typing.pyc,python3,160716,20862148,0.8,0.5
usr/lib/python3.11/uu.pyc,python3,8795,20862148,0.0,0.0
usr/lib/python3.11/uuid.pyc,python3,33068,20862148,0.2,0.1
usr/lib/python3.11/warnings.pyc,python3,25059,20862148,0.1,0.1
usr/lib/python3.11/wave.pyc,python3,32336,20862148,0.2,0.1
usr/lib/python3.11/weakref.pyc,python3,34957,20862148,0.2,0.1
usr/lib/python3.11/webbrowser.pyc,python3,32820,20862148,0.2,0.1
usr/lib/python3.11/xdrlib.pyc,python3,13142,20862148,0.1,0.0
usr/lib/python3.11/zipapp.pyc,python3,11539,20862148,0.1,0.0
usr/lib/python3.11/zipfile.pyc,python3,118649,20862148,0.6,0.4
usr/lib/python3.11/zipimport.pyc,python3,29787,20862148,0.1,0.1
usr/lib/python3.11/asyncio/__init__.pyc,python3,1342,20862148,0.0,0.0
usr/lib/python3.11/asyncio/__main__.pyc,python3,5936,20862148,0.0,0.0
usr/lib/python3.11/asyncio/base_events.pyc,python3,91203,20862148,0.4,0.3
usr/lib/python3.11/asyncio/base_futures.pyc,python3,3386,20862148,0.0,0.0
usr/lib/python3.11/asyncio/base_subprocess.pyc,python3,16701,20862148,0.1,0.0
usr/lib/python3.11/asyncio/base_tasks.pyc,python3,4174,20862148,0.0,0.0
usr/lib/python3.11/asyncio/constants.pyc,python3,961,20862148,0.0,0.0
usr/lib/python3.11/asyncio/coroutines.pyc,python3,3995,20862148,0.0,0.0
usr/lib/python3.11/asyncio/events.pyc,python3,37789,20862148,0.2,0.1
usr/lib/python3.11/asyncio/exceptions.pyc,python3,3641,20862148,0.0,0.0
usr/lib/python3.11/asyncio/format_helpers.pyc,python3,4129,20862148,0.0,0.0
usr/lib/python3.11/asyncio/futures.pyc,python3,18508,20862148,0.1,0.1
usr/lib/python3.11/asyncio/locks.pyc,python3,29205,20862148,0.1,0.1
usr/lib/python3.11/asyncio/log.pyc,python3,292,20862148,0.0,0.0
usr/lib/python3.11/asyncio/mixins.pyc,python3,1194,20862148,0.0,0.0
usr/lib/python3.11/asyncio/proactor_events.pyc,python3,47734,20862148,0.2,0.1
usr/lib/python3.11/asyncio/protocols.pyc,python3,9443,20862148,0.0,0.0
usr/lib/python3.11/asyncio/queues.pyc,python3,12824,20862148,0.1,0.0
usr/lib/python3.11/asyncio/runners.pyc,python3,10231,20862148,0.0,0.0
usr/lib/python3.11/asyncio/selector_events.pyc,python3,64191,20862148,0.3,0.2
usr/lib/python3.11/asyncio/sslproto.pyc,python3,43510,20862148,0.2,0.1
usr/lib/python3.11/asyncio/staggered.pyc,python3,6634,20862148,0.0,0.0
usr/lib/python3.11/asyncio/streams.pyc,python3,34990,20862148,0.2,0.1
usr/lib/python3.11/asyncio/subprocess.pyc,python3,12660,20862148,0.1,0.0
usr/lib/python3.11/asyncio/taskgroups.pyc,python3,8090,20862148,0.0,0.0
usr/lib/python3.11/asyncio/tasks.pyc,python3,41004,20862148,0.2,0.1
usr/lib/python3.11/asyncio/threads.pyc,python3,1291,20862148,0.0,0.0
usr/lib/python3.11/asyncio/timeouts.pyc,python3,7988,20862148,0.0,0.0
usr/lib/python3.11/asyncio/transports.pyc,python3,15167,20862148,0.1,0.0
usr/lib/python3.11/asyncio/trsock.pyc,python3,5382,20862148,0.0,0.0
usr/lib/python3.11/asyncio/unix_events.pyc,python3,73323,20862148,0.4,0.2
usr/lib/python3.11/asyncio/windows_events.pyc,python3,46510,20862148,0.2,0.1
usr/lib/python3.11/asyncio/windows_utils.pyc,python3,7754,20862148,0.0,0.0
usr/lib/python3.11/collections/__init__.pyc,python3,78215,20862148,0.4,0.2
usr/lib/python3.11/collections/abc.pyc,python3,294,20862148,0.0,0.0
usr/lib/python3.11/concurrent/__init__.pyc,python3,151,20862148,0.0,0.0
usr/lib/python3.11/concurrent/futures/__init__.pyc,python3,1457,20862148,0.0,0.0
usr/lib/python3.11/concurrent/futures/_base.pyc,python3,37250,20862148,0.2,0.1
usr/lib/python3.11/concurrent/futures/process.pyc,python3,38094,20862148,0.2,0.1
usr/lib/python3.11/concurrent/futures/thread.pyc,python3,11070,20862148,0.1,0.0
usr/lib/python3.11/ctypes/__init__.pyc,python3,26799,20862148,0.1,0.1
usr/lib/python3.11/ctypes/_aix.pyc,python3,13215,20862148,0.1,0.0
usr/lib/python3.11/ctypes/_endian.pyc,python3,4004,20862148,0.0,0.0
usr/lib/python3.11/ctypes/util.pyc,python3,18664,20862148,0.1,0.1
usr/lib/python3.11/ctypes/wintypes.pyc,python3,8431,20862148,0.0,0.0
usr/lib/python3.11/ctypes/macholib/README.ctypes,python3,296,20862148,0.0,0.0
usr/lib/python3.11/ctypes/macholib/__init__.pyc,python3,327,20862148,0.0,0.0
usr/lib/python3.11/ctypes/macholib/dyld.pyc,python3,7673,20862148,0.0,0.0
usr/lib/python3.11/ctypes/macholib/dylib.pyc,python3,1344,20862148,0.0,0.0
usr/lib/python3.11/ctypes/macholib/fetch_macholib,python3,84,20862148,0.0,0.0
usr/lib/python3.11/ctypes/macholib/fetch_macholib.bat,python3,75,20862148,0.0,0.0
usr/lib/python3.11/ctypes/macholib/framework.pyc,python3,1474,20862148,0.0,0.0
usr/lib/python3.11/dbm/__init__.pyc,python3,6964,20862148,0.0,0.0
usr/lib/python3.11/dbm/dumb.pyc,python3,14806,20862148,0.1,0.0
usr/lib/python3.11/dbm/gnu.pyc,python3,234,20862148,0.0,0.0
usr/lib/python3.11/dbm/ndbm.pyc,python3,233,20862148,0.0,0.0
usr/lib/python3.11/distutils/README,python3,244,20862148,0.0,0.0
usr/lib/python3.11/distutils/__init__.pyc,python3,805,20862148,0.0,0.0
usr/lib/python3.11/distutils/_msvccompiler.pyc,python3,24328,20862148,0.1,0.1
usr/lib/python3.11/distutils/archive_util.pyc,python3,10648,20862148,0.1,0.0
usr/lib/python3.11/distutils/bcppcompiler.pyc,python3,13041,20862148,0.1,0.0
usr/lib/python3.11/distutils/ccompiler.pyc,python3,44595,20862148,0.2,0.1
usr/lib/python3.11/distutils/cmd.pyc,python3,18781,20862148,0.1,0.1
usr/lib/python3.11/distutils/config.pyc,python3,6367,20862148,0.0,0.0
usr/lib/python3.11/distutils/core.pyc,python3,9037,20862148,0.0,0.0
usr/lib/python3.11/distutils/cygwinccompiler.pyc,python3,14106,20862148,0.1,0.0
usr/lib/python3.11/distutils/debug.pyc,python3,276,20862148,0.0,0.0
usr/lib/python3.11/distutils/dep_util.pyc,python3,3951,20862148,0.0,0.0
usr/lib/python3.11/distutils/dir_util.pyc,python3,10018,20862148,0.0,0.0
usr/lib/python3.11/distutils/dist.pyc,python3,54728,20862148,0.3,0.2
usr/lib/python3.11/distutils/errors.pyc,python3,6739,20862148,0.0,0.0
usr/lib/python3.11/distutils/extension.pyc,python3,10139,20862148,0.0,0.0
usr/lib/python3.11/distutils/fancy_getopt.pyc,python3,17092,20862148,0.1,0.1
usr/lib/python3.11/distutils/file_util.pyc,python3,10360,20862148,0.0,0.0
usr/lib/python3.11/distutils/filelist.pyc,python3,16155,20862148,0.1,0.0
usr/lib/python3.11/distutils/log.pyc,python3,3884,20862148,0.0,0.0
usr/lib/python3.11/distutils/msvc9compiler.pyc,python3,33148,20862148,0.2,0.1
usr/lib/python3.11/distutils/msvccompiler.pyc,python3,26632,20862148,0.1,0.1
usr/lib/python3.11/distutils/spawn.pyc,python3,5593,20862148,0.0,0.0
usr/lib/python3.11/distutils/sysconfig.pyc,python3,12083,20862148,0.1,0.0
usr/lib/python3.11/distutils/text_file.pyc,python3,11490,20862148,0.1,0.0
usr/lib/python3.11/distutils/unixccompiler.pyc,python3,12655,20862148,0.1,0.0
usr/lib/python3.11/distutils/util.pyc,python3,24661,20862148,0.1,0.1
usr/lib/python3.11/distutils/version.pyc,python3,10356,20862148,0.0,0.0
usr/lib/python3.11/distutils/versionpredicate.pyc,python3,7205,20862148,0.0,0.0
usr/lib/python3.11/distutils/command/__init__.pyc,python3,496,20862148,0.0,0.0
usr/lib/python3.11/distutils/command/bdist.pyc,python3,5385,20862148,0.0,0.0
usr/lib/python3.11/distutils/command/bdist_dumb.pyc,python3,5689,20862148,0.0,0.0
usr/lib/python3.11/distutils/command/bdist_rpm.pyc,python3,23137,20862148,0.1,0.1
usr/lib/python3.11/distutils/command/build.pyc,python3,6011,20862148,0.0,0.0
usr/lib/python3.11/distutils/command/build_clib.pyc,python3,7764,20862148,0.0,0.0
usr/lib/python3.11/distutils/command/build_ext.pyc,python3,30469,20862148,0.1,0.1
usr/lib/python3.11/distutils/command/build_py.pyc,python3,19032,20862148,0.1,0.1
usr/lib/python3.11/distutils/command/build_scripts.pyc,python3,7756,20862148,0.0,0.0
usr/lib/python3.11/distutils/command/check.pyc,python3,7683,20862148,0.0,0.0
usr/lib/python3.11/distutils/command/clean.pyc,python3,3193,20862148,0.0,0.0
usr/lib/python3.11/distutils/command/command_template,python3,633,20862148,0.0,0.0
usr/lib/python3.11/distutils/command/config.pyc,python3,16200,20862148,0.1,0.0
usr/lib/python3.11/distutils/command/install.pyc,python3,24247,20862148,0.1,0.1
usr/lib/python3.11/distutils/command/install_data.pyc,python3,3730,20862148,0.0,0.0
usr/lib/python3.11/distutils/command/install_egg_info.pyc,python3,4893,20862148,0.0,0.0
usr/lib/python3.11/distutils/command/install_headers.pyc,python3,2316,20862148,0.0,0.0
usr/lib/python3.11/distutils/command/install_lib.pyc,python3,8657,20862148,0.0,0.0
usr/lib/python3.11/distutils/command/install_scripts.pyc,python3,3111,20862148,0.0,0.0
usr/lib/python3.11/distutils/command/register.pyc,python3,15610,20862148,0.1,0.0
usr/lib/python3.11/distutils/command/sdist.pyc,python3,23804,20862148,0.1,0.1
usr/lib/python3.11/distutils/command/upload.pyc,python3,10371,20862148,0.0,0.0
usr/lib/python3.11/email/__init__.pyc,python3,2108,20862148,0.0,0.0
usr/lib/python3.11/email/_encoded_words.pyc,python3,9115,20862148,0.0,0.0
usr/lib/python3.11/email/_header_value_parser.pyc,python3,149611,20862148,0.7,0.4
usr/lib/python3.11/email/_parseaddr.pyc,python3,24298,20862148,0.1,0.1
usr/lib/python3.11/email/_policybase.pyc,python3,19237,20862148,0.1,0.1
usr/lib/python3.11/email/architecture.rst,python3,9561,20862148,0.0,0.0
usr/lib/python3.11/email/base64mime.pyc,python3,4349,20862148,0.0,0.0
usr/lib/python3.11/email/charset.pyc,python3,16019,20862148,0.1,0.0
usr/lib/python3.11/email/contentmanager.pyc,python3,13828,20862148,0.1,0.0
usr/lib/python3.11/email/encoders.pyc,python3,2384,20862148,0.0,0.0
usr/lib/python3.11/email/errors.pyc,python3,8443,20862148,0.0,0.0
usr/lib/python3.11/email/feedparser.pyc,python3,21491,20862148,0.1,0.1
usr/lib/python3.11/email/generator.pyc,python3,21597,20862148,0.1,0.1
usr/lib/python3.11/email/header.pyc,python3,26974,20862148,0.1,0.1
usr/lib/python3.11/email/headerregistry.pyc,python3,33751,20862148,0.2,0.1
usr/lib/python3.11/email/iterators.pyc,python3,3161,20862148,0.0,0.0
usr/lib/python3.11/email/message.pyc,python3,59030,20862148,0.3,0.2
usr/lib/python3.11/email/parser.pyc,python3,7382,20862148,0.0,0.0
usr/lib/python3.11/email/policy.pyc,python3,12540,20862148,0.1,0.0
usr/lib/python3.11/email/quoprimime.pyc,python3,11235,20862148,0.1,0.0
usr/lib/python3.11/email/utils.pyc,python3,15447,20862148,0.1,0.0
usr/lib/python3.11/email/mime/__init__.pyc,python3,151,20862148,0.0,0.0
usr/lib/python3.11/email/mime/application.pyc,python3,1823,20862148,0.0,0.0
usr/lib/python3.11/email/mime/audio.pyc,python3,3880,20862148,0.0,0.0
usr/lib/python3.11/email/mime/base.pyc,python3,1396,20862148,0.0,0.0
usr/lib/python3.11/email/mime/image.pyc,python3,6570,20862148,0.0,0.0
usr/lib/python3.11/email/mime/message.pyc,python3,1739,20862148,0.0,0.0
usr/lib/python3.11/email/mime/multipart.pyc,python3,1871,20862148,0.0,0.0
usr/lib/python3.11/email/mime/nonmultipart.pyc,python3,986,20862148,0.0,0.0
usr/lib/python3.11/email/mime/text.pyc,python3,1760,20862148,0.0,0.0
usr/lib/python3.11/encodings/__init__.pyc,python3,6457,20862148,0.0,0.0
usr/lib/python3.11/encodings/aliases.pyc,python3,12647,20862148,0.1,0.0
usr/lib/python3.11/encodings/ascii.pyc,python3,2708,20862148,0.0,0.0
usr/lib/python3.11/encodings/base64_codec.pyc,python3,3321,20862148,0.0,0.0
usr/lib/python3.11/encodings/big5.pyc,python3,2133,20862148,0.0,0.0
usr/lib/python3.11/encodings/big5hkscs.pyc,python3,2143,20862148,0.0,0.0
usr/lib/python3.11/encodings/bz2_codec.pyc,python3,4845,20862148,0.0,0.0
usr/lib/python3.11/encodings/charmap.pyc,python3,4119,20862148,0.0,0.0
usr/lib/python3.11/encodings/cp037.pyc,python3,3384,20862148,0.0,0.0
usr/lib/python3.11/encodings/cp1006.pyc,python3,3460,20862148,0.0,0.0
usr/lib/python3.11/encodings/cp1026.pyc,python3,3388,20862148,0.0,0.0
usr/lib/python3.11/encodings/cp1125.pyc,python3,14252,20862148,0.1,0.0
usr/lib/python3.11/encodings/cp1140.pyc,python3,3374,20862148,0.0,0.0
usr/lib/python3.11/encodings/cp1250.pyc,python3,3411,20862148,0.0,0.0
usr/lib/python3.11/encodings/cp1251.pyc,python3,3408,20862148,0.0,0.0
usr/lib/python3.11/encodings/cp1252.pyc,python3,3411,20862148,0.0,0.0
usr/lib/python3.11/encodings/cp1253.pyc,python3,3424,20862148,0.0,0.0
usr/lib/python3.11/encodings/cp1254.pyc,python3,3413,20862148,0.0,0.0
usr/lib/python3.11/encodings/cp1255.pyc,python3,3432,20862148,0.0,0.0
usr/lib/python3.11/encodings/cp1256.pyc,python3,3410,20862148,0.0,0.0
usr/lib/python3.11/encodings/cp1257.pyc,python3,3418,20862148,0.0,0.0
usr/lib/python3.11/encodings/cp1258.pyc,python3,3416,20862148,0.0,0.0
usr/lib/python3.11/encodings/cp273.pyc,python3,3370,20862148,0.0,0.0
usr/lib/python3.11/encodings/cp424.pyc,python3,3414,20862148,0.0,0.0
usr/lib/python3.11/encodings/cp437.pyc,python3,13885,20862148,0.1,0.0
usr/lib/python3.11/encodings/cp500.pyc,python3,3384,20862148,0.0,0.0
usr/lib/python3.11/encodings/cp720.pyc,python3,3481,20862148,0.0,0.0
usr/lib/python3.11/encodings/cp737.pyc,python3,14287,20862148,0.1,0.0
usr/lib/python3.11/encodings/cp775.pyc,python3,13925,20862148,0.1,0.0
usr/lib/python3.11/encodings/cp850.pyc,python3,13466,20862148,0.1,0.0
usr/lib/python3.11/encodings/cp852.pyc,python3,13941,20862148,0.1,0.0
usr/lib/python3.11/encodings/cp855.pyc,python3,14254,20862148,0.1,0.0
usr/lib/python3.11/encodings/cp856.pyc,python3,3446,20862148,0.0,0.0
usr/lib/python3.11/encodings/cp857.pyc,python3,13261,20862148,0.1,0.0
usr/lib/python3.11/encodings/cp858.pyc,python3,13436,20862148,0.1,0.0
usr/lib/python3.11/encodings/cp860.pyc,python3,13856,20862148,0.1,0.0
usr/lib/python3.11/encodings/cp861.pyc,python3,13881,20862148,0.1,0.0
usr/lib/python3.11/encodings/cp862.pyc,python3,14114,20862148,0.1,0.0
usr/lib/python3.11/encodings/cp863.pyc,python3,13877,20862148,0.1,0.0
usr/lib/python3.11/encodings/cp864.pyc,python3,13916,20862148,0.1,0.0
usr/lib/python3.11/encodings/cp865.pyc,python3,13881,20862148,0.1,0.0
usr/lib/python3.11/encodings/cp866.pyc,python3,14294,20862148,0.1,0.0
usr/lib/python3.11/encodings/cp869.pyc,python3,13818,20862148,0.1,0.0
usr/lib/python3.11/encodings/cp874.pyc,python3,3512,20862148,0.0,0.0
usr/lib/python3.11/encodings/cp875.pyc,python3,3381,20862148,0.0,0.0
usr/lib/python3.11/encodings/cp932.pyc,python3,2135,20862148,0.0,0.0
usr/lib/python3.11/encodings/cp949.pyc,python3,2135,20862148,0.0,0.0
usr/lib/python3.11/encodings/cp950.pyc,python3,2135,20862148,0.0,0.0
usr/lib/python3.11/encodings/euc_jis_2004.pyc,python3,2149,20862148,0.0,0.0
usr/lib/python3.11/encodings/euc_jisx0213.pyc,python3,2149,20862148,0.0,0.0
usr/lib/python3.11/encodings/euc_jp.pyc,python3,2137,20862148,0.0,0.0
usr/lib/python3.11/encodings/euc_kr.pyc,python3,2137,20862148,0.0,0.0
usr/lib/python3.11/encodings/gb18030.pyc,python3,2139,20862148,0.0,0.0
usr/lib/python3.11/encodings/gb2312.pyc,python3,2137,20862148,0.0,0.0
usr/lib/python3.11/encodings/gbk.pyc,python3,2131,20862148,0.0,0.0
usr/lib/python3.11/encodings/hex_codec.pyc,python3,3308,20862148,0.0,0.0
usr/lib/python3.11/encodings/hp_roman8.pyc,python3,3585,20862148,0.0,0.0
usr/lib/python3.11/encodings/hz.pyc,python3,2129,20862148,0.0,0.0
usr/lib/python3.11/encodings/idna.pyc,python3,11543,20862148,0.1,0.0
usr/lib/python3.11/encodings/iso2022_jp.pyc,python3,2150,20862148,0.0,0.0
usr/lib/python3.11/encodings/iso2022_jp_1.pyc,python3,2154,20862148,0.0,0.0
usr/lib/python3.11/encodings/iso2022_jp_2.pyc,python3,2154,20862148,0.0,0.0
usr/lib/python3.11/encodings/iso2022_jp_2004.pyc,python3,2161,20862148,0.0,0.0
usr/lib/python3.11/encodings/iso2022_jp_3.pyc,python3,2154,20862148,0.0,0.0
usr/lib/python3.11/encodings/iso2022_jp_ext.pyc,python3,2159,20862148,0.0,0.0
usr/lib/python3.11/encodings/iso2022_kr.pyc,python3,2150,20862148,0.0,0.0
usr/lib/python3.11/encodings/iso8859_1.pyc,python3,3383,20862148,0.0,0.0
usr/lib/python3.11/encodings/iso8859_10.pyc,python3,3388,20862148,0.0,0.0
usr/lib/python3.11/encodings/iso8859_11.pyc,python3,3482,20862148,0.0,0.0
usr/lib/python3.11/encodings/iso8859_13.pyc,python3,3391,20862148,0.0,0.0
usr/lib/python3.11/encodings/iso8859_14.pyc,python3,3409,20862148,0.0,0.0
usr/lib/python3.11/encodings/iso8859_15.pyc,python3,3388,20862148,0.0,0.0
usr/lib/python3.11/encodings/iso8859_16.pyc,python3,3390,20862148,0.0,0.0
usr/lib/python3.11/encodings/iso8859_2.pyc,python3,3383,20862148,0.0,0.0
usr/lib/python3.11/encodings/iso8859_3.pyc,python3,3390,20862148,0.0,0.0
usr/lib/python3.11/encodings/iso8859_4.pyc,python3,3383,20862148,0.0,0.0
usr/lib/python3.11/encodings/iso8859_5.pyc,python3,3384,20862148,0.0,0.0
usr/lib/python3.11/encodings/iso8859_6.pyc,python3,3428,20862148,0.0,0.0
usr/lib/python3.11/encodings/iso8859_7.pyc,python3,3391,20862148,0.0,0.0
usr/lib/python3.11/encodings/iso8859_8.pyc,python3,3422,20862148,0.0,0.0
usr/lib/python3.11/encodings/iso8859_9.pyc,python3,3383,20862148,0.0,0.0
usr/lib/python3.11/encodings/johab.pyc,python3,2135,20862148,0.0,0.0
usr/lib/python3.11/encodings/koi8_r.pyc,python3,3435,20862148,0.0,0.0
usr/lib/python3.11/encodings/koi8_t.pyc,python3,3346,20862148,0.0,0.0
usr/lib/python3.11/encodings/koi8_u.pyc,python3,3421,20862148,0.0,0.0
usr/lib/python3.11/encodings/kz1048.pyc,python3,3398,20862148,0.0,0.0
usr/lib/python3.11/encodings/latin_1.pyc,python3,2720,20862148,0.0,0.0
usr/lib/python3.11/encodings/mac_arabic.pyc,python3,13771,20862148,0.1,0.0
usr/lib/python3.11/encodings/mac_croatian.pyc,python3,3430,20862148,0.0,0.0
usr/lib/python3.11/encodings/mac_cyrillic.pyc,python3,3420,20862148,0.0,0.0
usr/lib/python3.11/encodings/mac_farsi.pyc,python3,3364,20862148,0.0,0.0
usr/lib/python3.11/encodings/mac_greek.pyc,python3,3404,20862148,0.0,0.0
usr/lib/python3.11/encodings/mac_iceland.pyc,python3,3423,20862148,0.0,0.0
usr/lib/python3.11/encodings/mac_latin2.pyc,python3,3564,20862148,0.0,0.0
usr/lib/python3.11/encodings/mac_roman.pyc,python3,3421,20862148,0.0,0.0
usr/lib/python3.11/encodings/mac_romanian.pyc,python3,3431,20862148,0.0,0.0
usr/lib/python3.11/encodings/mac_turkish.pyc,python3,3424,20862148,0.0,0.0
usr/lib/python3.11/encodings/mbcs.pyc,python3,2356,20862148,0.0,0.0
usr/lib/python3.11/encodings/oem.pyc,python3,2169,20862148,0.0,0.0
usr/lib/python3.11/encodings/palmos.pyc,python3,3411,20862148,0.0,0.0
usr/lib/python3.11/encodings/ptcp154.pyc,python3,3505,20862148,0.0,0.0
usr/lib/python3.11/encodings/punycode.pyc,python3,10760,20862148,0.1,0.0
usr/lib/python3.11/encodings/quopri_codec.pyc,python3,3612,20862148,0.0,0.0
usr/lib/python3.11/encodings/raw_unicode_escape.pyc,python3,2850,20862148,0.0,0.0
usr/lib/python3.11/encodings/rot_13.pyc,python3,4832,20862148,0.0,0.0
usr/lib/python3.11/encodings/shift_jis.pyc,python3,2143,20862148,0.0,0.0
usr/lib/python3.11/encodings/shift_jis_2004.pyc,python3,2154,20862148,0.0,0.0
usr/lib/python3.11/encodings/shift_jisx0213.pyc,python3,2154,20862148,0.0,0.0
usr/lib/python3.11/encodings/tis_620.pyc,python3,3473,20862148,0.0,0.0
usr/lib/python3.11/encodings/undefined.pyc,python3,2823,20862148,0.0,0.0
usr/lib/python3.11/encodings/unicode_escape.pyc,python3,2830,20862148,0.0,0.0
usr/lib/python3.11/encodings/utf_16.pyc,python3,8044,20862148,0.0,0.0
usr/lib/python3.11/encodings/utf_16_be.pyc,python3,2336,20862148,0.0,0.0
usr/lib/python3.11/encodings/utf_16_le.pyc,python3,2336,20862148,0.0,0.0
usr/lib/python3.11/encodings/utf_32.pyc,python3,7939,20862148,0.0,0.0
usr/lib/python3.11/encodings/utf_32_be.pyc,python3,2229,20862148,0.0,0.0
usr/lib/python3.11/encodings/utf_32_le.pyc,python3,2229,20862148,0.0,0.0
usr/lib/python3.11/encodings/utf_7.pyc,python3,2257,20862148,0.0,0.0
usr/lib/python3.11/encodings/utf_8.pyc,python3,2316,20862148,0.0,0.0
usr/lib/python3.11/encodings/utf_8_sig.pyc,python3,7310,20862148,0.0,0.0
usr/lib/python3.11/encodings/uu_codec.pyc,python3,5267,20862148,0.0,0.0
usr/lib/python3.11/encodings/zlib_codec.pyc,python3,4742,20862148,0.0,0.0
usr/lib/python3.11/ensurepip/__init__.pyc,python3,10748,20862148,0.1,0.0
usr/lib/python3.11/ensurepip/__main__.pyc,python3,355,20862148,0.0,0.0
usr/lib/python3.11/ensurepip/_uninstall.pyc,python3,1454,20862148,0.0,0.0
usr/lib/python3.11/ensurepip/_bundled/pip-24.0-py3-none-any.whl,python3,2110226,20862148,10.1,6.2
usr/lib/python3.11/ensurepip/_bundled/setuptools-65.5.0-py3-none-any.whl,python3,1232695,20862148,5.9,3.6
usr/lib/python3.11/html/entities.pyc,python3,99443,20862148,0.5,0.3
usr/lib/python3.11/html/__init__.pyc,python3,4807,20862148,0.0,0.0
usr/lib/python3.11/html/parser.pyc,python3,19376,20862148,0.1,0.1
usr/lib/python3.11/http/__init__.pyc,python3,8731,20862148,0.0,0.0
usr/lib/python3.11/http/client.pyc,python3,60869,20862148,0.3,0.2
usr/lib/python3.11/http/cookiejar.pyc,python3,88141,20862148,0.4,0.3
usr/lib/python3.11/http/cookies.pyc,python3,23622,20862148,0.1,0.1
usr/lib/python3.11/http/server.pyc,python3,60139,20862148,0.3,0.2
usr/lib/python3.11/importlib/__init__.pyc,python3,6660,20862148,0.0,0.0
usr/lib/python3.11/importlib/_abc.pyc,python3,2343,20862148,0.0,0.0
usr/lib/python3.11/importlib/_bootstrap.pyc,python3,57801,20862148,0.3,0.2
usr/lib/python3.11/importlib/_bootstrap_external.pyc,python3,72196,20862148,0.3,0.2
usr/lib/python3.11/importlib/abc.pyc,python3,14491,20862148,0.1,0.0
usr/lib/python3.11/importlib/machinery.pyc,python3,1300,20862148,0.0,0.0
usr/lib/python3.11/importlib/readers.pyc,python3,529,20862148,0.0,0.0
usr/lib/python3.11/importlib/simple.pyc,python3,540,20862148,0.0,0.0
usr/lib/python3.11/importlib/util.pyc,python3,14447,20862148,0.1,0.0
usr/lib/python3.11/importlib/resources/__init__.pyc,python3,774,20862148,0.0,0.0
usr/lib/python3.11/importlib/resources/_adapters.pyc,python3,10691,20862148,0.1,0.0
usr/lib/python3.11/importlib/resources/_common.pyc,python3,4237,20862148,0.0,0.0
usr/lib/python3.11/importlib/resources/_itertools.pyc,python3,1336,20862148,0.0,0.0
usr/lib/python3.11/importlib/resources/_legacy.pyc,python3,6434,20862148,0.0,0.0
usr/lib/python3.11/importlib/resources/abc.pyc,python3,8498,20862148,0.0,0.0
usr/lib/python3.11/importlib/resources/readers.pyc,python3,8297,20862148,0.0,0.0
usr/lib/python3.11/importlib/resources/simple.pyc,python3,6861,20862148,0.0,0.0
usr/lib/python3.11/importlib/metadata/__init__.pyc,python3,58929,20862148,0.3,0.2
usr/lib/python3.11/importlib/metadata/_adapters.pyc,python3,3792,20862148,0.0,0.0
usr/lib/python3.11/importlib/metadata/_collections.pyc,python3,2139,20862148,0.0,0.0
usr/lib/python3.11/importlib/metadata/_functools.pyc,python3,3579,20862148,0.0,0.0
usr/lib/python3.11/importlib/metadata/_itertools.pyc,python3,2542,20862148,0.0,0.0
usr/lib/python3.11/importlib/metadata/_meta.pyc,python3,2910,20862148,0.0,0.0
usr/lib/python3.11/importlib/metadata/_text.pyc,python3,4337,20862148,0.0,0.0
usr/lib/python3.11/json/__init__.pyc,python3,14220,20862148,0.1,0.0
usr/lib/python3.11/json/decoder.pyc,python3,15187,20862148,0.1,0.0
usr/lib/python3.11/json/encoder.pyc,python3,16809,20862148,0.1,0.0
usr/lib/python3.11/json/scanner.pyc,python3,3647,20862148,0.0,0.0
usr/lib/python3.11/json/tool.pyc,python3,4750,20862148,0.0,0.0
usr/lib/python3.11/logging/__init__.pyc,python3,98874,20862148,0.5,0.3
usr/lib/python3.11/logging/config.pyc,python3,44914,20862148,0.2,0.1
usr/lib/python3.11/logging/handlers.pyc,python3,70443,20862148,0.3,0.2
usr/lib/python3.11/multiprocessing/__init__.pyc,python3,1109,20862148,0.0,0.0
usr/lib/python3.11/multiprocessing/connection.pyc,python3,48997,20862148,0.2,0.1
usr/lib/python3.11/multiprocessing/context.pyc,python3,19553,20862148,0.1,0.1
usr/lib/python3.11/multiprocessing/forkserver.pyc,python3,17016,20862148,0.1,0.1
usr/lib/python3.11/multiprocessing/heap.pyc,python3,14682,20862148,0.1,0.0
usr/lib/python3.11/multiprocessing/managers.pyc,python3,73529,20862148,0.4,0.2
usr/lib/python3.11/multiprocessing/pool.pyc,python3,47366,20862148,0.2,0.1
usr/lib/python3.11/multiprocessing/popen_fork.pyc,python3,4359,20862148,0.0,0.0
usr/lib/python3.11/multiprocessing/popen_forkserver.pyc,python3,4338,20862148,0.0,0.0
usr/lib/python3.11/multiprocessing/popen_spawn_posix.pyc,python3,4415,20862148,0.0,0.0
usr/lib/python3.11/multiprocessing/popen_spawn_win32.pyc,python3,6620,20862148,0.0,0.0
usr/lib/python3.11/multiprocessing/process.pyc,python3,19168,20862148,0.1,0.1
usr/lib/python3.11/multiprocessing/queues.pyc,python3,20000,20862148,0.1,0.1
usr/lib/python3.11/multiprocessing/reduction.pyc,python3,14981,20862148,0.1,0.0
usr/lib/python3.11/multiprocessing/resource_sharer.pyc,python3,10000,20862148,0.0,0.0
usr/lib/python3.11/multiprocessing/resource_tracker.pyc,python3,12644,20862148,0.1,0.0
usr/lib/python3.11/multiprocessing/shared_memory.pyc,python3,24540,20862148,0.1,0.1
usr/lib/python3.11/multiprocessing/sharedctypes.pyc,python3,12064,20862148,0.1,0.0
usr/lib/python3.11/multiprocessing/spawn.pyc,python3,12717,20862148,0.1,0.0
usr/lib/python3.11/multiprocessing/synchronize.pyc,python3,22525,20862148,0.1,0.1
usr/lib/python3.11/multiprocessing/util.pyc,python3,20757,20862148,0.1,0.1
usr/lib/python3.11/multiprocessing/dummy/__init__.pyc,python3,6238,20862148,0.0,0.0
usr/lib/python3.11/multiprocessing/dummy/connection.pyc,python3,3973,20862148,0.0,0.0
usr/lib/python3.11/re/__init__.pyc,python3,19314,20862148,0.1,0.1
usr/lib/python3.11/re/_casefix.pyc,python3,1846,20862148,0.0,0.0
usr/lib/python3.11/re/_compiler.pyc,python3,31868,20862148,0.2,0.1
usr/lib/python3.11/re/_constants.pyc,python3,5950,20862148,0.0,0.0
usr/lib/python3.11/re/_parser.pyc,python3,50141,20862148,0.2,0.1
usr/lib/python3.11/site-packages/README.txt,python3,119,20862148,0.0,0.0
usr/lib/python3.11/tomllib/__init__.pyc,python3,335,20862148,0.0,0.0
usr/lib/python3.11/tomllib/_parser.pyc,python3,30801,20862148,0.1,0.1
usr/lib/python3.11/tomllib/_re.pyc,python3,4443,20862148,0.0,0.0
usr/lib/python3.11/tomllib/_types.pyc,python3,356,20862148,0.0,0.0
usr/lib/python3.11/turtledemo/__init__.pyc,python3,483,20862148,0.0,0.0
usr/lib/python3.11/turtledemo/__main__.pyc,python3,23110,20862148,0.1,0.1
usr/lib/python3.11/turtledemo/bytedesign.pyc,python3,9938,20862148,0.0,0.0
usr/lib/python3.11/turtledemo/chaos.pyc,python3,2968,20862148,0.0,0.0
usr/lib/python3.11/turtledemo/clock.pyc,python3,7072,20862148,0.0,0.0
usr/lib/python3.11/turtledemo/colormixer.pyc,python3,3911,20862148,0.0,0.0
usr/lib/python3.11/turtledemo/forest.pyc,python3,6177,20862148,0.0,0.0
usr/lib/python3.11/turtledemo/fractalcurves.pyc,python3,6932,20862148,0.0,0.0
usr/lib/python3.11/turtledemo/lindenmayer.pyc,python3,4460,20862148,0.0,0.0
usr/lib/python3.11/turtledemo/minimal_hanoi.pyc,python3,4696,20862148,0.0,0.0
usr/lib/python3.11/turtledemo/nim.pyc,python3,14352,20862148,0.1,0.0
usr/lib/python3.11/turtledemo/paint.pyc,python3,2454,20862148,0.0,0.0
usr/lib/python3.11/turtledemo/peace.pyc,python3,2272,20862148,0.0,0.0
usr/lib/python3.11/turtledemo/penrose.pyc,python3,9117,20862148,0.0,0.0
usr/lib/python3.11/turtledemo/planet_and_moon.pyc,python3,7106,20862148,0.0,0.0
usr/lib/python3.11/turtledemo/rosette.pyc,python3,3348,20862148,0.0,0.0
usr/lib/python3.11/turtledemo/round_dance.pyc,python3,3311,20862148,0.0,0.0
usr/lib/python3.11/turtledemo/sorting_animate.pyc,python3,12081,20862148,0.1,0.0
usr/lib/python3.11/turtledemo/tree.pyc,python3,2928,20862148,0.0,0.0
usr/lib/python3.11/turtledemo/turtle.cfg,python3,160,20862148,0.0,0.0
usr/lib/python3.11/turtledemo/two_canvases.pyc,python3,2644,20862148,0.0,0.0
usr/lib/python3.11/turtledemo/yinyang.pyc,python3,2073,20862148,0.0,0.0
usr/lib/python3.11/unittest/__init__.pyc,python3,4230,20862148,0.0,0.0
usr/lib/python3.11/unittest/__main__.pyc,python3,656,20862148,0.0,0.0
usr/lib/python3.11/unittest/_log.pyc,python3,4809,20862148,0.0,0.0
usr/lib/python3.11/unittest/async_case.pyc,python3,6983,20862148,0.0,0.0
usr/lib/python3.11/unittest/case.pyc,python3,79519,20862148,0.4,0.2
usr/lib/python3.11/unittest/loader.pyc,python3,27392,20862148,0.1,0.1
usr/lib/python3.11/unittest/main.pyc,python3,13798,20862148,0.1,0.0
usr/lib/python3.11/unittest/mock.pyc,python3,128835,20862148,0.6,0.4
usr/lib/python3.11/unittest/result.pyc,python3,12966,20862148,0.1,0.0
usr/lib/python3.11/unittest/runner.pyc,python3,16478,20862148,0.1,0.0
usr/lib/python3.11/unittest/signals.pyc,python3,3877,20862148,0.0,0.0
usr/lib/python3.11/unittest/suite.pyc,python3,17866,20862148,0.1,0.1
usr/lib/python3.11/unittest/util.pyc,python3,8372,20862148,0.0,0.0
usr/lib/python3.11/urllib/__init__.pyc,python3,147,20862148,0.0,0.0
usr/lib/python3.11/urllib/error.pyc,python3,3882,20862148,0.0,0.0
usr/lib/python3.11/urllib/parse.pyc,python3,54614,20862148,0.3,0.2
usr/lib/python3.11/urllib/request.pyc,python3,126722,20862148,0.6,0.4
usr/lib/python3.11/urllib/response.pyc,python3,5190,20862148,0.0,0.0
usr/lib/python3.11/urllib/robotparser.pyc,python3,13331,20862148,0.1,0.0
usr/lib/python3.11/venv/__init__.pyc,python3,31313,20862148,0.2,0.1
usr/lib/python3.11/venv/__main__.pyc,python3,545,20862148,0.0,0.0
usr/lib/python3.11/venv/scripts/common/Activate.ps1,python3,9033,20862148,0.0,0.0
usr/lib/python3.11/venv/scripts/common/activate,python3,1711,20862148,0.0,0.0
usr/lib/python3.11/venv/scripts/posix/activate.csh,python3,935,20862148,0.0,0.0
usr/lib/python3.11/venv/scripts/posix/activate.fish,python3,2215,20862148,0.0,0.0
usr/lib/python3.11/wsgiref/__init__.pyc,python3,823,20862148,0.0,0.0
usr/lib/python3.11/wsgiref/handlers.pyc,python3,25213,20862148,0.1,0.1
usr/lib/python3.11/wsgiref/headers.pyc,python3,11063,20862148,0.1,0.0
usr/lib/python3.11/wsgiref/simple_server.pyc,python3,8937,20862148,0.0,0.0
usr/lib/python3.11/wsgiref/types.pyc,python3,4292,20862148,0.0,0.0
usr/lib/python3.11/wsgiref/util.pyc,python3,7849,20862148,0.0,0.0
usr/lib/python3.11/wsgiref/validate.pyc,python3,23060,20862148,0.1,0.1
usr/lib/python3.11/xmlrpc/__init__.pyc,python3,147,20862148,0.0,0.0
usr/lib/python3.11/xmlrpc/client.pyc,python3,56949,20862148,0.3,0.2
usr/lib/python3.11/xmlrpc/server.pyc,python3,46928,20862148,0.2,0.1
usr/lib/python3.11/zoneinfo/__init__.pyc,python3,1225,20862148,0.0,0.0
usr/lib/python3.11/zoneinfo/_common.pyc,python3,5902,20862148,0.0,0.0
usr/lib/python3.11/zoneinfo/_tzpath.pyc,python3,7852,20862148,0.0,0.0
usr/lib/python3.11/zoneinfo/_zoneinfo.pyc,python3,29016,20862148,0.1,0.1
usr/lib/python3.11/__phello__/__init__.pyc,python3,429,20862148,0.0,0.0
usr/lib/python3.11/__phello__/spam.pyc,python3,425,20862148,0.0,0.0
usr/lib/python3.11/sqlite3/__init__.pyc,python3,1856,20862148,0.0,0.0
usr/lib/python3.11/sqlite3/dbapi2.pyc,python3,4932,20862148,0.0,0.0
usr/lib/python3.11/sqlite3/dump.pyc,python3,4368,20862148,0.0,0.0
usr/lib/python3.11/_sysconfigdata__linux_riscv32-linux-gnu.pyc,python3,50827,20862148,0.2,0.2
usr/lib/python3.11/LICENSE.txt,python3,13936,20862148,0.1,0.0
etc/group,skeleton-init-common,306,16234,1.9,0.0
etc/hosts,skeleton-init-common,40,16234,0.2,0.0
etc/passwd,skeleton-init-common,340,16234,2.1,0.0
etc/protocols,skeleton-init-common,2744,16234,16.9,0.0
etc/services,skeleton-init-common,10873,16234,67.0,0.0
etc/shadow,skeleton-init-common,135,16234,0.8,0.0
etc/profile.d/umask.sh,skeleton-init-common,10,16234,0.1,0.0
etc/profile,skeleton-init-common,450,16234,2.8,0.0
THIS_IS_NOT_YOUR_ROOT_FILESYSTEM,skeleton-init-common,1336,16234,8.2,0.0
etc/fstab,skeleton-init-sysv,334,334,100.0,0.0
usr/lib/libsqlite3.so.0.8.6,sqlite,1001472,1270948,78.8,3.0
usr/bin/sqlite3,sqlite,269476,1270948,21.2,0.8
usr/bin/stress-ng,stress-ng,1492800,1492800,100.0,4.4
etc/nsswitch.conf,toolchain,230,230,100.0,0.0
etc/init.d/S01seedrng,urandom-scripts,1243,1243,100.0,0.0
usr/bin/whetstone,whetstone,17740,17740,100.0,0.1
